,DAILY DATA,,,,,,,,,,,,,,,,,,,,,,,,,,,,,,,,,,,,
NO,REASONS,MA,MB,MC1,MC2,MS1,MS2,TOTAL,,,,,,,,,Count of TIME,Column Labels,,,,,,,,,,,,,,,,,,,
1,EARLY,426,378,2,253,64,,1123,,,,,,,,,Row Labels,DELETE_BSM,EARLY,EMPTY_BAGTAG,HBS,MULTIPLE_BAGTAG,NO_BSM,NO_READ,NO_SORTATION,OPEN,OPERATOR_REQUEST,REBOOK_BSM,TOO_LATE,VERY_LATE,LATE,Grand Total,,,,,
2,OPEN,424,1182,54,103,1349,1,3113,,,,,,,,,MA,4,426,7,1,,1,,14,424,,26,10,,,913,,,,,
3,MULTIPLE_BAGTAG,,,480,433,98,2,1013,,,,,,,,,MB,5,378,14,7,,,,20,1182,2,6,18,7,,1639,,,,,
4,NO_READ,,,505,411,146,8,1070,,,,,,,,,MC1,,2,,,480,22,505,,54,,,7,1,,1071,,,,,
5,NO_BSM,1,,22,49,25,1,98,,,,,,,,,MC2,17,253,1,,433,49,411,10,103,,6,21,80,1,1385,,,,,
6,TOO_LATE,10,18,7,21,,,56,,,,,,,,,MS1,,64,21,,98,25,146,,1349,,,,,,1703,,,,,
7,NO_SORTATION,14,20,,10,,,44,,,,,,,,,MS2,,,,,2,1,8,,1,,,,,,12,,,,,
8,DELETE_BSM,4,5,,17,,,26,,,,,,,,,Grand Total,26,1123,43,8,1013,98,1070,44,3113,2,38,56,88,1,6723,,,,,
9,EMPTY_BAGTAG,7,14,,1,21,,43,,,,,,,,,,,,,,,,,,,,,,,,,,,,,
10,HBS,1,7,,,,,8,,,,,,,,,,,,,,,,,Count of TIME,Column Labels,,,,,,,,,,,
11,REBOOK_BSM,26,6,,6,,,38,,,,,,,,,,,,,,,,,Row Labels,DELETE_BSM,EARLY,EMPTY_BAGTAG,HBS,NO_BSM,NO_SORTATION,OPEN,OPERATOR_REQUEST,REBOOK_BSM,TOO_LATE,VERY_LATE,Grand Total
12,VERY_LATE,,7,1,80,,,88,,,,,,,,,,,,,,,,,ADS,6,683,,,,33,1310,,31,28,,2091
13,MULTIPLE_BSM,,,,,,,,,,,,,,,,,,,,,,,,BATIK AIR,1,77,,,,1,96,,,,7,182
14,OPERATOR_REQUEST,,2,,,,,2,,,,,,,,,,,,,,,,,GTR,2,16,,,,,20,,,,,38
15,ILLEGAL_BAGTAG,,,,,,,,,,,,,,,,,,,,,,,,PASB,,28,,,,,178,2,1,,,209
16,TAGLESS,,,,,,,,,,,,,,,,,,,,,,,,(blank),,,21,8,1,,2,,,,,32
17,FLIGHT_DELETED,,,,,,,,,,,,,,,,,,,,,,,,Grand Total,9,804,21,8,1,34,1606,2,32,28,7,2552
18,LATE,,,,1,,,1,,,,,,,,,,,,,,,,,,,,,,,,,,,,,
19,FLIGHT_CANCELED,,,,,,,,,,,,,,,,,,,,,,,,,,,,,,,,,,,,
20,FALLBACK,,,,,,,,,,,,,,,,,,,,,,,,,,,,,,,,,,,,
21,SEND_TO_PROBLEM,,,,,,,,,,,,,,,,,,,,,,,,,,,,,,,,,,,,
22,REPEATED_BAGTAG,,,,,,,,,,,,,,,,,,,,,,,,,,,,,,,,,,,,
23,NO_READ_NO_BSM,,,,,,,,,,,,,,,,,,,,,,,,,,,,,,,,,,,,
24,TRANSPORT_ERROR,,,,,,,,,,,,,,,,,,,,,,,,,,,,,,,,,,,,
25,MAINTENENANCE_TRAY,,,,,,,,,,,,,,,,,,,,,,,,,,,,,,,,,,,,
26,LMC,,,,,,,,,,,,,,,,,,,,,,,,,,,,,,,,,,,,
27,RES,,,,,,,,,,,,,,,,,,,,,,,,,,,,,,,,,,,,
28,OVE,,,,,,,,,,,,,,,,,,,,,,,,,,,,,,,,,,,,
29,BUFFERED,,,,,,,,,,,,,,,,,,,,,,,,,,,,,,,,,,,,
30,EXT,,,,,,,,,,,,,,,,,,,,,,,,,,,,,,,,,,,,
,,913,1639,1071,1385,1703,12,6723,,,,,,,,,,,,,,,,,,,,,,,,,,,,,
,,,,,,,,,,,,,,,,,,,,,,,,,,,,,,,,,,,,,
,OPEN - GH,,,MA + MB OPEN,,,,,,,,,,,,,,,,,,,,,,,,,,,,,,,,,
NO,GROUND HANDLER,OPEN,,1606,,,,,,,,,,,,,,,,,,,,,,,,,,,,,,,,,
1,ADS,1310,,2,difference,,,,,,,,,,,,,,,,,,,,,,,,,,,,,,,,
2,BATIK AIR,96,,,,,,,,,,,,,,,,,,,,,,,,,,,,,,,,,,,
3,GTR,20,,,,,,,,,,,,,,,,,,,,,,,,,,,,,,,,,,,
4,PASB,178,,,,,,,,,,,,,,,,,,,,,,,,,,,,,,,,,,,
,,1604,,,,,,,,,,,,,,,,,,,,,,,,,,,,,,,,,,,
,,,,,,,,,,,,,,,,,,,,,,,,,,,,,,,,,,,,,
,OPEN - GH - FLIGHTS,,,,,,,,,,,,,,,,,,,,,,,,,,,,,,,,,,,,
,Total Bags,1306,bags,,,178,bags,,,96,bags,,,20,bags,,REASON,OPEN,,,,,,,,,,,,,,,,,,,
,MH + FY,107,flights,,,,,,,,,,,,,,,,,,,,,,,,,,,,,,,,,,
,FOCA,31,flights,,,24,flights,,,18,flights,,,8,flights,,Count of TIME,Column Labels,,,,,,,,,,,,,,,,,,,
NO,FLIGHT,ADS,,NO,FLIGHT,PASB,,NO,FLIGHT,BATIK AIR,,NO,FLIGHT,GTR,,,Row Labels,ADS,BATIK AIR,GTR,PASB,(blank),Grand Total,,,,,,,,,,,,,,
1,MH102,,,1,8B662,,,1,ID7283,,,1,6E1032,,,,,,,,,2,2,,,,,,,,,,,,,,
2,MH1037,,,2,8B674,,,2,ID8396,,,2,6E1038,,,,8B676,,,,2,,2,,,,,,,,,,,,,,
3,MH104,,,3,8B676,2,,3,ID7251,,,3,AI2385,,,,8B678,,,,12,,12,,,,,,,,,,,,,,
4,MH1051,,,4,8B678,12,,4,ID7263,,,4,AI2387,,,,8B680,,,,7,,7,,,,,,,,,,,,,,
5,MH1057,2,,5,8B680,7,,5,ID7265,1,,5,EK343,3,,,8M504,3,,,,,3,,,,,,,,,,,,,,
6,MH106,,,6,8G922,,,6,IU169,,,6,EK343X,,,,AH3157,16,,,,,16,,,,,,,,,,,,,,
7,MH1063,,,7,BI872,7,,7,IU193,,,7,EK345,2,,,BA34,11,,,,,11,,,,,,,,,,,,,,
8,MH108,3,,8,BI874,9,,8,JT157,,,8,EK347,2,,,BI872,,,,7,,7,,,,,,,,,,,,,,
9,MH1138,,,9,CX722,,,9,JT161,,,9,EK8343,,,,BI874,,,,9,,9,,,,,,,,,,,,,,
10,MH114,10,,10,CX724,56,,10,JT165,,,10,EK8345,,,,BR228,61,,,,,61,,,,,,,,,,,,,,
11,MH1140,5,,11,CX730,3,,11,OD1002,,,11,EY487,,,,BS316,17,,,,,17,,,,,,,,,,,,,,
12,MH1148,,,12,CX732,1,,12,OD1004,6,,12,EY489,,,,CA484,73,,,,,73,,,,,,,,,,,,,,
13,MH1152,,,13,ET2639,,,13,OD1006,,,13,QG503,,,,CI722,20,,,,,20,,,,,,,,,,,,,,
14,MH116,3,,14,ET639,,,14,OD119,,,14,SQ103,2,,,CX724,,,,56,,56,,,,,,,,,,,,,,
15,MH1162,,,15,G9801,,,15,OD121,,,15,SQ105,,,,CX730,,,,3,,3,,,,,,,,,,,,,,
16,MH1166,,,16,G9803,,,16,OD131,,,16,SQ107,,,,CX732,,,,1,,1,,,,,,,,,,,,,,
17,MH118,11,,17,GA821,4,,17,OD135,,,17,SQ113,,,,CZ3048,4,,,,,4,,,,,,,,,,,,,,
18,MH1194,,,18,H9873,,,18,OD151,,,18,SQ115,,,,CZ350,1,,,,,1,,,,,,,,,,,,,,
19,MH1204,,,19,H9891,,,19,OD157,,,19,SQ121,6,,,CZ366,4,,,,,4,,,,,,,,,,,,,,
20,MH1208,1,,20,HO1354,1,,20,OD162,,,20,SQ125,3,,,CZ5032,15,,,,,15,,,,,,,,,,,,,,
21,MH123,8,,21,HO1564,,,21,OD1620,,,21,SQ127,,,,CZ5080,1,,,,,1,,,,,,,,,,,,,,
22,MH125,4,,22,HY554,,,22,OD1632,,,22,VJ1814,1,,,CZ8012,16,,,,,16,,,,,,,,,,,,,,
23,MH1252,,,23,JX726,,,23,OD1634,,,23,VJ826,1,,,CZ8098,30,,,,,30,,,,,,,,,,,,,,
24,MH1268,,,24,MY5002,,,24,OD1636,,,24,VJ906,,,,CZ8302,59,,,,,59,,,,,,,,,,,,,,
25,MH127,37,,25,MY5004,,,25,OD166,2,,,,20,,,EK343,,,3,,,3,,,,,,,,,,,,,,
26,MH1276,,,26,NH816,2,,26,OD171,,,,,,,,EK345,,,2,,,2,,,,,,,,,,,,,,
27,MH129,9,,27,NH886,,,27,OD1726,,,,,,,,EK347,,,2,,,2,,,,,,,,,,,,,,
28,MH1326,,,28,PK895,,,28,OD177,,,,,,,,FM862,2,,,,,2,,,,,,,,,,,,,,
29,MH133,1,,29,PR526,3,,29,OD182,1,,,,,,,FM864,1,,,,,1,,,,,,,,,,,,,,
30,MH1336,,,30,PR530,2,,30,OD184,,,,,,,,FM866,2,,,,,2,,,,,,,,,,,,,,
31,MH1338,2,,31,QR1853,,,31,OD186,,,,,,,,FM886,28,,,,,28,,,,,,,,,,,,,,
32,MH134,,,32,QR845,7,,32,OD1900,,,,,,,,FY2692,1,,,,,1,,,,,,,,,,,,,,
33,MH135,,,33,QR849,,,33,OD1906,,,,,,,,GA821,,,,4,,4,,,,,,,,,,,,,,
34,MH1384,4,,34,QR853,1,,34,OD191,,,,,,,,HO1354,,,,1,,1,,,,,,,,,,,,,,
35,MH1388,,,35,QR855,,,35,OD193,2,,,,,,,ID7265,,1,,,,1,,,,,,,,,,,,,,
36,MH139,1,,36,RX864,,,36,OD205,,,,,,,,JL724,1,,,,,1,,,,,,,,,,,,,,
37,MH1396,35,,37,TG416,1,,37,OD2102,1,,,,,,,KE428,27,,,,,27,,,,,,,,,,,,,,
38,MH141,3,,38,TG418,2,,38,OD2104,4,,,,,,,KL810,5,,,,,5,,,,,,,,,,,,,,
39,MH1426,,,39,TK175,,,39,OD2106,,,,,,,,MF824,1,,,,,1,,,,,,,,,,,,,,
40,MH1432,8,,40,TK397,2,,40,OD2108,,,,,,,,MF848,2,,,,,2,,,,,,,,,,,,,,
41,MH1436,,,41,TK4903,,,41,OD215,,,,,,,,MF858,7,,,,,7,,,,,,,,,,,,,,
42,MH1438,,,42,TK4911,,,42,OD2201,,,,,,,,MF8716,2,,,,,2,,,,,,,,,,,,,,
43,MH1446,,,43,TK61,3,,43,OD2203,,,,,,,,MH1057,2,,,,,2,,,,,,,,,,,,,,
44,MH145,3,,44,TK63,14,,44,OD2205,,,,,,,,MH108,3,,,,,3,,,,,,,,,,,,,,
45,MH1450,1,,45,TK6909,,,45,OD223,,,,,,,,MH114,10,,,,,10,,,,,,,,,,,,,,
46,MH147,4,,46,TK9462,,,46,OD2302,,,,,,,,MH1140,5,,,,,5,,,,,,,,,,,,,,
47,MH149,14,,47,UL315,2,,47,OD2304,1,,,,,,,MH116,3,,,,,3,,,,,,,,,,,,,,
48,MH150,,,48,UL319,19,,48,OD2306,,,,,,,,MH118,11,,,,,11,,,,,,,,,,,,,,
49,MH152,,,49,WY822,15,,49,OD231,16,,,,,,,MH1208,1,,,,,1,,,,,,,,,,,,,,
50,MH156,7,,50,WY824,3,,50,OD2403,,,,,,,,MH123,8,,,,,8,,,,,,,,,,,,,,
51,MH158,,,51,ZH328,,,51,OD2405,1,,,,,,,MH125,4,,,,,4,,,,,,,,,,,,,,
52,MH164,1,,52,ZH330,,,52,OD2407,6,,,,,,,MH127,37,,,,,37,,,,,,,,,,,,,,
53,MH170,62,,53,ZH332,,,53,OD241,,,,,,,,MH129,9,,,,,9,,,,,,,,,,,,,,
54,MH172,,,54,ZH334,,,54,OD293,15,,,,,,,MH133,1,,,,,1,,,,,,,,,,,,,,
55,MH174,,,,,178,,55,OD295,,,,,,,,MH1338,2,,,,,2,,,,,,,,,,,,,,
56,MH179,2,,,,,,56,OD297,5,,,,,,,MH1384,4,,,,,4,,,,,,,,,,,,,,
57,MH180,,,,,,,57,OD306,,,,,,,,MH139,1,,,,,1,,,,,,,,,,,,,,
58,MH182,49,,,,,,58,OD322,,,,,,,,MH1396,35,,,,,35,,,,,,,,,,,,,,
59,MH184,,,,,,,59,OD324,,,,,,,,MH141,3,,,,,3,,,,,,,,,,,,,,
60,MH190,91,,,,,,60,OD326,,,,,,,,MH1432,8,,,,,8,,,,,,,,,,,,,,
61,MH192,3,,,,,,61,OD336,,,,,,,,MH145,3,,,,,3,,,,,,,,,,,,,,
62,MH194,1,,,,,,62,OD352,,,,,,,,MH1450,1,,,,,1,,,,,,,,,,,,,,
63,MH196,14,,,,,,63,OD356,,,,,,,,MH147,4,,,,,4,,,,,,,,,,,,,,
64,MH198,7,,,,,,64,OD366,,,,,,,,MH149,14,,,,,14,,,,,,,,,,,,,,
65,MH2,,,,,,,65,OD372,4,,,,,,,MH156,7,,,,,7,,,,,,,,,,,,,,
66,MH20,9,,,,,,66,OD380,,,,,,,,MH164,1,,,,,1,,,,,,,,,,,,,,
67,MH204,,,,,,,67,OD382,,,,,,,,MH170,62,,,,,62,,,,,,,,,,,,,,
68,MH208,,,,,,,68,OD386,,,,,,,,MH179,2,,,,,2,,,,,,,,,,,,,,
69,MH251,,,,,,,69,OD388,,,,,,,,MH182,49,,,,,49,,,,,,,,,,,,,,
70,MH2520,4,,,,,,70,OD390,,,,,,,,MH190,91,,,,,91,,,,,,,,,,,,,,
71,MH2522,1,,,,,,71,OD392,,,,,,,,MH192,3,,,,,3,,,,,,,,,,,,,,
72,MH2528,1,,,,,,72,OD396,23,,,,,,,MH194,1,,,,,1,,,,,,,,,,,,,,
73,MH2530,1,,,,,,73,OD502,,,,,,,,MH196,14,,,,,14,,,,,,,,,,,,,,
74,MH2532,9,,,,,,74,OD520,,,,,,,,MH198,7,,,,,7,,,,,,,,,,,,,,
75,MH2536,,,,,,,75,OD522,,,,,,,,MH20,9,,,,,9,,,,,,,,,,,,,,
76,MH2542,3,,,,,,76,OD526,,,,,,,,MH2520,4,,,,,4,,,,,,,,,,,,,,
77,MH2544,2,,,,,,77,OD528,1,,,,,,,MH2522,1,,,,,1,,,,,,,,,,,,,,
78,MH2574,,,,,,,78,OD540,,,,,,,,MH2528,1,,,,,1,,,,,,,,,,,,,,
79,MH2584,6,,,,,,79,OD542,5,,,,,,,MH2530,1,,,,,1,,,,,,,,,,,,,,
80,MH2594,73,,,,,,80,OD571,,,,,,,,MH2532,9,,,,,9,,,,,,,,,,,,,,
81,MH2598,,,,,,,81,OD605,,,,,,,,MH2542,3,,,,,3,,,,,,,,,,,,,,
82,MH2606,6,,,,,,82,OD612,,,,,,,,MH2544,2,,,,,2,,,,,,,,,,,,,,
83,MH2608,,,,,,,83,OD616,,,,,,,,MH2584,6,,,,,6,,,,,,,,,,,,,,
84,MH2610,1,,,,,,84,OD626,,,,,,,,MH2594,73,,,,,73,,,,,,,,,,,,,,
85,MH2612,,,,,,,85,OD638,,,,,,,,MH2606,6,,,,,6,,,,,,,,,,,,,,
86,MH2614,1,,,,,,86,OD642,,,,,,,,MH2610,1,,,,,1,,,,,,,,,,,,,,
87,MH2616,2,,,,,,87,OD670,,,,,,,,MH2614,1,,,,,1,,,,,,,,,,,,,,
88,MH2624,1,,,,,,88,OD672,,,,,,,,MH2616,2,,,,,2,,,,,,,,,,,,,,
89,MH2626,3,,,,,,89,OD678,,,,,,,,MH2624,1,,,,,1,,,,,,,,,,,,,,
90,MH2628,5,,,,,,90,OD692,,,,,,,,MH2626,3,,,,,3,,,,,,,,,,,,,,
91,MH2634,8,,,,,,91,OD694,,,,,,,,MH2628,5,,,,,5,,,,,,,,,,,,,,
92,MH2634D,,,,,,,92,OD698,,,,,,,,MH2634,8,,,,,8,,,,,,,,,,,,,,
93,MH2636,4,,,,,,93,OD7004,,,,,,,,MH2636,4,,,,,4,,,,,,,,,,,,,,
94,MH2638,13,,,,,,94,OD7356,,,,,,,,MH2638,13,,,,,13,,,,,,,,,,,,,,
95,MH2640,5,,,,,,95,OD751,2,,,,,,,MH2640,5,,,,,5,,,,,,,,,,,,,,
96,MH2646,,,,,,,96,OD753,,,,,,,,MH2660,9,,,,,9,,,,,,,,,,,,,,
97,MH2660,9,,,,,,97,OD7722,,,,,,,,MH2668,4,,,,,4,,,,,,,,,,,,,,
98,MH2664,,,,,,,98,OD7751,,,,,,,,MH2718,3,,,,,3,,,,,,,,,,,,,,
99,MH2668,4,,,,,,99,OD7757,,,,,,,,MH2740,4,,,,,4,,,,,,,,,,,,,,
100,MH2710,,,,,,,100,OD7906,,,,,,,,MH2746,2,,,,,2,,,,,,,,,,,,,,
101,MH2716,,,,,,,101,OD801,,,,,,,,MH275,15,,,,,15,,,,,,,,,,,,,,
102,MH2718,3,,,,,,102,OD803,,,,,,,,MH376,17,,,,,17,,,,,,,,,,,,,,
103,MH2742,,,,,,,103,OD805,,,,,,,,MH386,1,,,,,1,,,,,,,,,,,,,,
104,MH2746,2,,,,,,104,OD807,,,,,,,,MH388,7,,,,,7,,,,,,,,,,,,,,
105,MH275,15,,,,,,105,OD820,,,,,,,,MH4,4,,,,,4,,,,,,,,,,,,,,
106,MH318,,,,,,,106,OD860,,,,,,,,MH485,9,,,,,9,,,,,,,,,,,,,,
107,MH366,,,,,,,107,OD870,,,,,,,,MH487,1,,,,,1,,,,,,,,,,,,,,
108,MH376,17,,,,,,108,OD872,,,,,,,,MH520,7,,,,,7,,,,,,,,,,,,,,
109,MH38,,,,,,,109,OD882,,,,,,,,MH526,1,,,,,1,,,,,,,,,,,,,,
110,MH386,1,,,,,,,,96,,,,,,,MH601,8,,,,,8,,,,,,,,,,,,,,
111,MH388,7,,,,,,,,,,,,,,,MH603,2,,,,,2,,,,,,,,,,,,,,
112,MH389,,,,,,,,,,,,,,,,MH605,3,,,,,3,,,,,,,,,,,,,,
113,MH390,,,,,,,,,,,,,,,,MH609,1,,,,,1,,,,,,,,,,,,,,
114,MH4,4,,,,,,,,,,,,,,,MH611,64,,,,,64,,,,,,,,,,,,,,
115,MH485,9,,,,,,,,,,,,,,,MH619,2,,,,,2,,,,,,,,,,,,,,
116,MH487,1,,,,,,,,,,,,,,,MH623,5,,,,,5,,,,,,,,,,,,,,
117,MH497,,,,,,,,,,,,,,,,MH627,1,,,,,1,,,,,,,,,,,,,,
118,MH52,,,,,,,,,,,,,,,,MH66,1,,,,,1,,,,,,,,,,,,,,
119,MH520,7,,,,,,,,,,,,,,,MH70,2,,,,,2,,,,,,,,,,,,,,
120,MH522,,,,,,,,,,,,,,,,MH704,3,,,,,3,,,,,,,,,,,,,,
121,MH5220,,,,,,,,,,,,,,,,MH708,1,,,,,1,,,,,,,,,,,,,,
122,MH5253,,,,,,,,,,,,,,,,MH711,1,,,,,1,,,,,,,,,,,,,,
123,MH526,1,,,,,,,,,,,,,,,MH715,6,,,,,6,,,,,,,,,,,,,,
124,MH5946,,,,,,,,,,,,,,,,MH72,1,,,,,1,,,,,,,,,,,,,,
125,MH601,8,,,,,,,,,,,,,,,MH723,5,,,,,5,,,,,,,,,,,,,,
126,MH603,2,,,,,,,,,,,,,,,MH725,9,,,,,9,,,,,,,,,,,,,,
127,MH605,3,,,,,,,,,,,,,,,MH727,1,,,,,1,,,,,,,,,,,,,,
128,MH607,,,,,,,,,,,,,,,,MH748,5,,,,,5,,,,,,,,,,,,,,
129,MH609,1,,,,,,,,,,,,,,,MH750,4,,,,,4,,,,,,,,,,,,,,
130,MH611,64,,,,,,,,,,,,,,,MH752,3,,,,,3,,,,,,,,,,,,,,
131,MH613,,,,,,,,,,,,,,,,MH754,2,,,,,2,,,,,,,,,,,,,,
132,MH619,2,,,,,,,,,,,,,,,MH758,2,,,,,2,,,,,,,,,,,,,,
133,MH623,5,,,,,,,,,,,,,,,MH766,5,,,,,5,,,,,,,,,,,,,,
134,MH627,1,,,,,,,,,,,,,,,MH772,3,,,,,3,,,,,,,,,,,,,,
135,MH66,1,,,,,,,,,,,,,,,MH774,2,,,,,2,,,,,,,,,,,,,,
136,MH70,2,,,,,,,,,,,,,,,MH78,18,,,,,18,,,,,,,,,,,,,,
137,MH7006,,,,,,,,,,,,,,,,MH780,8,,,,,8,,,,,,,,,,,,,,
138,MH704,3,,,,,,,,,,,,,,,MH782,5,,,,,5,,,,,,,,,,,,,,
139,MH708,1,,,,,,,,,,,,,,,MH788,8,,,,,8,,,,,,,,,,,,,,
140,MH711,1,,,,,,,,,,,,,,,MH796,1,,,,,1,,,,,,,,,,,,,,
141,MH713,,,,,,,,,,,,,,,,MH804,5,,,,,5,,,,,,,,,,,,,,
142,MH715,6,,,,,,,,,,,,,,,MH806,2,,,,,2,,,,,,,,,,,,,,
143,MH717,,,,,,,,,,,,,,,,MH841,1,,,,,1,,,,,,,,,,,,,,
144,MH72,1,,,,,,,,,,,,,,,MH851,24,,,,,24,,,,,,,,,,,,,,
145,MH721,,,,,,,,,,,,,,,,MH853,1,,,,,1,,,,,,,,,,,,,,
146,MH7213,,,,,,,,,,,,,,,,MH864,10,,,,,10,,,,,,,,,,,,,,
147,MH723,5,,,,,,,,,,,,,,,MH871,9,,,,,9,,,,,,,,,,,,,,
148,MH7233,,,,,,,,,,,,,,,,MH875,3,,,,,3,,,,,,,,,,,,,,
149,MH725,9,,,,,,,,,,,,,,,MH88,1,,,,,1,,,,,,,,,,,,,,
150,MH7254,,,,,,,,,,,,,,,,MU5096,9,,,,,9,,,,,,,,,,,,,,
151,MH727,1,,,,,,,,,,,,,,,MU796,2,,,,,2,,,,,,,,,,,,,,
152,MH7322,,,,,,,,,,,,,,,,NH816,,,,2,,2,,,,,,,,,,,,,,
153,MH7326,,,,,,,,,,,,,,,,OD1004,,6,,,,6,,,,,,,,,,,,,,
154,MH740,,,,,,,,,,,,,,,,OD166,,2,,,,2,,,,,,,,,,,,,,
155,MH7414,,,,,,,,,,,,,,,,OD182,,1,,,,1,,,,,,,,,,,,,,
156,MH7416,,,,,,,,,,,,,,,,OD193,,2,,,,2,,,,,,,,,,,,,,
157,MH7420,,,,,,,,,,,,,,,,OD2102,,1,,,,1,,,,,,,,,,,,,,
158,MH7422,,,,,,,,,,,,,,,,OD2104,,4,,,,4,,,,,,,,,,,,,,
159,MH7432,,,,,,,,,,,,,,,,OD2304,,1,,,,1,,,,,,,,,,,,,,
160,MH7436,,,,,,,,,,,,,,,,OD231,,16,,,,16,,,,,,,,,,,,,,
161,MH7452,,,,,,,,,,,,,,,,OD2405,,1,,,,1,,,,,,,,,,,,,,
162,MH746,,,,,,,,,,,,,,,,OD2407,,6,,,,6,,,,,,,,,,,,,,
163,MH748,5,,,,,,,,,,,,,,,OD293,,15,,,,15,,,,,,,,,,,,,,
164,MH7480,,,,,,,,,,,,,,,,OD297,,5,,,,5,,,,,,,,,,,,,,
165,MH7482,,,,,,,,,,,,,,,,OD372,,4,,,,4,,,,,,,,,,,,,,
166,MH7486,,,,,,,,,,,,,,,,OD396,,23,,,,23,,,,,,,,,,,,,,
167,MH750,4,,,,,,,,,,,,,,,OD528,,1,,,,1,,,,,,,,,,,,,,
168,MH752,3,,,,,,,,,,,,,,,OD542,,5,,,,5,,,,,,,,,,,,,,
169,MH754,2,,,,,,,,,,,,,,,OD751,,2,,,,2,,,,,,,,,,,,,,
170,MH758,2,,,,,,,,,,,,,,,PR526,,,,3,,3,,,,,,,,,,,,,,
171,MH762,,,,,,,,,,,,,,,,PR530,,,,2,,2,,,,,,,,,,,,,,
172,MH766,5,,,,,,,,,,,,,,,QR845,,,,7,,7,,,,,,,,,,,,,,
173,MH772,3,,,,,,,,,,,,,,,QR853,,,,1,,1,,,,,,,,,,,,,,
174,MH774,2,,,,,,,,,,,,,,,RA416,1,,,,,1,,,,,,,,,,,,,,
175,MH78,18,,,,,,,,,,,,,,,SQ103,,,2,,,2,,,,,,,,,,,,,,
176,MH780,8,,,,,,,,,,,,,,,SQ121,,,6,,,6,,,,,,,,,,,,,,
177,MH782,5,,,,,,,,,,,,,,,SQ125,,,3,,,3,,,,,,,,,,,,,,
178,MH784,,,,,,,,,,,,,,,,SV841,1,,,,,1,,,,,,,,,,,,,,
179,MH786,,,,,,,,,,,,,,,,TG416,,,,1,,1,,,,,,,,,,,,,,
180,MH788,8,,,,,,,,,,,,,,,TG418,,,,2,,2,,,,,,,,,,,,,,
181,MH790,,,,,,,,,,,,,,,,TK397,,,,2,,2,,,,,,,,,,,,,,
182,MH791,,,,,,,,,,,,,,,,TK61,,,,3,,3,,,,,,,,,,,,,,
183,MH792,,,,,,,,,,,,,,,,TK63,,,,14,,14,,,,,,,,,,,,,,
184,MH794,,,,,,,,,,,,,,,,UL315,,,,2,,2,,,,,,,,,,,,,,
185,MH796,1,,,,,,,,,,,,,,,UL319,,,,19,,19,,,,,,,,,,,,,,
186,MH804,5,,,,,,,,,,,,,,,VJ1814,,,1,,,1,,,,,,,,,,,,,,
187,MH806,2,,,,,,,,,,,,,,,VJ826,,,1,,,1,,,,,,,,,,,,,,
188,MH8284,,,,,,,,,,,,,,,,VN680,1,,,,,1,,,,,,,,,,,,,,
189,MH8286,,,,,,,,,,,,,,,,WY822,,,,15,,15,,,,,,,,,,,,,,
190,MH8290,,,,,,,,,,,,,,,,WY824,,,,3,,3,,,,,,,,,,,,,,
191,MH8302,,,,,,,,,,,,,,,,Grand Total,1310,96,20,178,2,1606,,,,,,,,,,,,,,
192,MH8318,,,,,,,,,,,,,,,,,,,,,,,,,,,,,,,,,,,,
193,MH8326,,,,,,,,,,,,,,,,,,,,,,,,,,,,,,,,,,,,
194,MH8338,,,,,,,,,,,,,,,,,,,,,,,,,,,,,,,,,,,,
195,MH8348,,,,,,,,,,,,,,,,,,,,,,,,,,,,,,,,,,,,
196,MH8354,,,,,,,,,,,,,,,,,,,,,,,,,,,,,,,,,,,,
197,MH8356,,,,,,,,,,,,,,,,,,,,,,,,,,,,,,,,,,,,
198,MH8360,,,,,,,,,,,,,,,,,,,,,,,,,,,,,,,,,,,,
199,MH8366,,,,,,,,,,,,,,,,,,,,,,,,,,,,,,,,,,,,
200,MH8370,,,,,,,,,,,,,,,,,,,,,,,,,,,,,,,,,,,,
201,MH8372,,,,,,,,,,,,,,,,,,,,,,,,,,,,,,,,,,,,
202,MH8374,,,,,,,,,,,,,,,,,,,,,,,,,,,,,,,,,,,,
203,MH8376,,,,,,,,,,,,,,,,,,,,,,,,,,,,,,,,,,,,
204,MH8380,,,,,,,,,,,,,,,,,,,,,,,,,,,,,,,,,,,,
205,MH8382,,,,,,,,,,,,,,,,,,,,,,,,,,,,,,,,,,,,
206,MH8384,,,,,,,,,,,,,,,,,,,,,,,,,,,,,,,,,,,,
207,MH841,1,,,,,,,,,,,,,,,,,,,,,,,,,,,,,,,,,,,
208,MH843,,,,,,,,,,,,,,,,,,,,,,,,,,,,,,,,,,,,
209,MH847,,,,,,,,,,,,,,,,,,,,,,,,,,,,,,,,,,,,
210,MH851,24,,,,,,,,,,,,,,,,,,,,,,,,,,,,,,,,,,,
211,MH853,1,,,,,,,,,,,,,,,,,,,,,,,,,,,,,,,,,,,
212,MH857,,,,,,,,,,,,,,,,,,,,,,,,,,,,,,,,,,,,
213,MH860,,,,,,,,,,,,,,,,,,,,,,,,,,,,,,,,,,,,
214,MH864,10,,,,,,,,,,,,,,,,,,,,,,,,,,,,,,,,,,,
215,MH8686,,,,,,,,,,,,,,,,,,,,,,,,,,,,,,,,,,,,
216,MH871,9,,,,,,,,,,,,,,,,,,,,,,,,,,,,,,,,,,,
217,MH873,,,,,,,,,,,,,,,,,,,,,,,,,,,,,,,,,,,,
218,MH875,3,,,,,,,,,,,,,,,,,,,,,,,,,,,,,,,,,,,
219,MH88,1,,,,,,,,,,,,,,,,,,,,,,,,,,,,,,,,,,,
220,FY2530,,,,,,,,,,,,,,,,,,,,,,,,,,,,,,,,,,,,
221,FY2534,,,,,,,,,,,,,,,,,,,,,,,,,,,,,,,,,,,,
222,FY2574,,,,,,,,,,,,,,,,,,,,,,,,,,,,,,,,,,,,
223,FY2692,1,,,,,,,,,,,,,,,,,,,,,,,,,,,,,,,,,,,
224,FY2720,,,,,,,,,,,,,,,,,,,,,,,,,,,,,,,,,,,,
225,FY2722,,,,,,,,,,,,,,,,,,,,,,,,,,,,,,,,,,,,
226,FY2814,,,,,,,,,,,,,,,,,,,,,,,,,,,,,,,,,,,,
227,FY2892,,,,,,,,,,,,,,,,,,,,,,,,,,,,,,,,,,,,
228,FY2953,,,,,,,,,,,,,,,,,,,,,,,,,,,,,,,,,,,,
229,FY2955,,,,,,,,,,,,,,,,,,,,,,,,,,,,,,,,,,,,
230,FY3610,,,,,,,,,,,,,,,,,,,,,,,,,,,,,,,,,,,,
231,FY3680,,,,,,,,,,,,,,,,,,,,,,,,,,,,,,,,,,,,
232,FY3692,,,,,,,,,,,,,,,,,,,,,,,,,,,,,,,,,,,,
233,3U3774,,,,,,,,,,,,,,,,,,,,,,,,,,,,,,,,,,,,
234,3U3994,,,,,,,,,,,,,,,,,,,,,,,,,,,,,,,,,,,,
235,3U3996,,,,,,,,,,,,,,,,,,,,,,,,,,,,,,,,,,,,
236,8M502,,,,,,,,,,,,,,,,,,,,,,,,,,,,,,,,,,,,
237,8M504,3,,,,,,,,,,,,,,,,,,,,,,,,,,,,,,,,,,,
238,AH3157,16,,,,,,,,,,,,,,,,,,,,,,,,,,,,,,,,,,,
239,BA34,11,,,,,,,,,,,,,,,,,,,,,,,,,,,,,,,,,,,
240,BG383,,,,,,,,,,,,,,,,,,,,,,,,,,,,,,,,,,,,
241,BG387,,,,,,,,,,,,,,,,,,,,,,,,,,,,,,,,,,,,
242,BR218,,,,,,,,,,,,,,,,,,,,,,,,,,,,,,,,,,,,
243,BR228,61,,,,,,,,,,,,,,,,,,,,,,,,,,,,,,,,,,,
244,BS316,17,,,,,,,,,,,,,,,,,,,,,,,,,,,,,,,,,,,
245,BS318,,,,,,,,,,,,,,,,,,,,,,,,,,,,,,,,,,,,
246,CA484,73,,,,,,,,,,,,,,,,,,,,,,,,,,,,,,,,,,,
247,CA872,,,,,,,,,,,,,,,,,,,,,,,,,,,,,,,,,,,,
248,CI722,20,,,,,,,,,,,,,,,,,,,,,,,,,,,,,,,,,,,
249,CI722D,,,,,,,,,,,,,,,,,,,,,,,,,,,,,,,,,,,,
250,CZ3048,4,,,,,,,,,,,,,,,,,,,,,,,,,,,,,,,,,,,
251,CZ350,1,,,,,,,,,,,,,,,,,,,,,,,,,,,,,,,,,,,
252,CZ366,4,,,,,,,,,,,,,,,,,,,,,,,,,,,,,,,,,,,
253,CZ5032,15,,,,,,,,,,,,,,,,,,,,,,,,,,,,,,,,,,,
254,CZ5036,,,,,,,,,,,,,,,,,,,,,,,,,,,,,,,,,,,,
255,CZ5050,,,,,,,,,,,,,,,,,,,,,,,,,,,,,,,,,,,,
256,CZ5080,1,,,,,,,,,,,,,,,,,,,,,,,,,,,,,,,,,,,
257,CZ8012,16,,,,,,,,,,,,,,,,,,,,,,,,,,,,,,,,,,,
258,CZ8026,,,,,,,,,,,,,,,,,,,,,,,,,,,,,,,,,,,,
259,CZ8072,,,,,,,,,,,,,,,,,,,,,,,,,,,,,,,,,,,,
260,CZ8098,30,,,,,,,,,,,,,,,,,,,,,,,,,,,,,,,,,,,
261,CZ8302,59,,,,,,,,,,,,,,,,,,,,,,,,,,,,,,,,,,,
262,CZ8348,,,,,,,,,,,,,,,,,,,,,,,,,,,,,,,,,,,,
263,FM7222,,,,,,,,,,,,,,,,,,,,,,,,,,,,,,,,,,,,
264,FM7266,,,,,,,,,,,,,,,,,,,,,,,,,,,,,,,,,,,,
265,FM814,,,,,,,,,,,,,,,,,,,,,,,,,,,,,,,,,,,,
266,FM862,2,,,,,,,,,,,,,,,,,,,,,,,,,,,,,,,,,,,
267,FM864,1,,,,,,,,,,,,,,,,,,,,,,,,,,,,,,,,,,,
268,FM866,2,,,,,,,,,,,,,,,,,,,,,,,,,,,,,,,,,,,
269,FM866D,,,,,,,,,,,,,,,,,,,,,,,,,,,,,,,,,,,,
270,FM886,28,,,,,,,,,,,,,,,,,,,,,,,,,,,,,,,,,,,
271,IA456,,,,,,,,,,,,,,,,,,,,,,,,,,,,,,,,,,,,
272,JL724,1,,,,,,,,,,,,,,,,,,,,,,,,,,,,,,,,,,,
273,KE428,27,,,,,,,,,,,,,,,,,,,,,,,,,,,,,,,,,,,
274,KL809,,,,,,,,,,,,,,,,,,,,,,,,,,,,,,,,,,,,
275,KL810,5,,,,,,,,,,,,,,,,,,,,,,,,,,,,,,,,,,,
276,MF824,1,,,,,,,,,,,,,,,,,,,,,,,,,,,,,,,,,,,
277,MF848,2,,,,,,,,,,,,,,,,,,,,,,,,,,,,,,,,,,,
278,MF858,7,,,,,,,,,,,,,,,,,,,,,,,,,,,,,,,,,,,
279,MF8678,,,,,,,,,,,,,,,,,,,,,,,,,,,,,,,,,,,,
280,MF8688,,,,,,,,,,,,,,,,,,,,,,,,,,,,,,,,,,,,
281,MF8712,,,,,,,,,,,,,,,,,,,,,,,,,,,,,,,,,,,,
282,MF8714,,,,,,,,,,,,,,,,,,,,,,,,,,,,,,,,,,,,
283,MF8716,2,,,,,,,,,,,,,,,,,,,,,,,,,,,,,,,,,,,
284,MF8724,,,,,,,,,,,,,,,,,,,,,,,,,,,,,,,,,,,,
285,MF898,,,,,,,,,,,,,,,,,,,,,,,,,,,,,,,,,,,,
286,MK647,,,,,,,,,,,,,,,,,,,,,,,,,,,,,,,,,,,,
287,MK7647,,,,,,,,,,,,,,,,,,,,,,,,,,,,,,,,,,,,
288,MU2566,,,,,,,,,,,,,,,,,,,,,,,,,,,,,,,,,,,,
289,MU2970,,,,,,,,,,,,,,,,,,,,,,,,,,,,,,,,,,,,
290,MU5096,9,,,,,,,,,,,,,,,,,,,,,,,,,,,,,,,,,,,
291,MU7702,,,,,,,,,,,,,,,,,,,,,,,,,,,,,,,,,,,,
292,MU7708,,,,,,,,,,,,,,,,,,,,,,,,,,,,,,,,,,,,
293,MU796,2,,,,,,,,,,,,,,,,,,,,,,,,,,,,,,,,,,,
294,MU858,,,,,,,,,,,,,,,,,,,,,,,,,,,,,,,,,,,,
295,MU860,,,,,,,,,,,,,,,,,,,,,,,,,,,,,,,,,,,,
296,MU874,,,,,,,,,,,,,,,,,,,,,,,,,,,,,,,,,,,,
297,NX921,,,,,,,,,,,,,,,,,,,,,,,,,,,,,,,,,,,,
298,RA416,1,,,,,,,,,,,,,,,,,,,,,,,,,,,,,,,,,,,
299,RY6608,,,,,,,,,,,,,,,,,,,,,,,,,,,,,,,,,,,,
300,SV3839,,,,,,,,,,,,,,,,,,,,,,,,,,,,,,,,,,,,
301,SV829,,,,,,,,,,,,,,,,,,,,,,,,,,,,,,,,,,,,
302,SV835,,,,,,,,,,,,,,,,,,,,,,,,,,,,,,,,,,,,
303,SV841,1,,,,,,,,,,,,,,,,,,,,,,,,,,,,,,,,,,,
304,SV843,,,,,,,,,,,,,,,,,,,,,,,,,,,,,,,,,,,,
305,T5802,,,,,,,,,,,,,,,,,,,,,,,,,,,,,,,,,,,,
306,T5804,,,,,,,,,,,,,,,,,,,,,,,,,,,,,,,,,,,,
307,VN678,,,,,,,,,,,,,,,,,,,,,,,,,,,,,,,,,,,,
308,VN680,1,,,,,,,,,,,,,,,,,,,,,,,,,,,,,,,,,,,
,,1306,,,,,,,,,,,,,,,,,,,,,,,,,,,,,,,,,,,
,,,,,,,,,,,,,,,,,,,,,,,,,,,,,,,,,,,,,
,8B662,,,,,,,,,,,,,,,,,,,,,,,,,,,,,,,,,,,,
,8B674,,,,,,,,,,,,,,,,,,,,,,,,,,,,,,,,,,,,
,8B676,2,,,,,,,,,,,,,,,,,,,,,,,,,,,,,,,,,,,
,8B678,12,,,,,,,,,,,,,,,,,,,,,,,,,,,,,,,,,,,
,8B680,7,,,,,,,,,,,,,,,,,,,,,,,,,,,,,,,,,,,
,8G922,,,,,,,,,,,,,,,,,,,,,,,,,,,,,,,,,,,,
,BI872,7,,,,,,,,,,,,,,,,,,,,,,,,,,,,,,,,,,,
,BI874,9,,,,,,,,,,,,,,,,,,,,,,,,,,,,,,,,,,,
,CX722,,,,,,,,,,,,,,,,,,,,,,,,,,,,,,,,,,,,
,CX724,56,,,,,,,,,,,,,,,,,,,,,,,,,,,,,,,,,,,
,CX730,3,,,,,,,,,,,,,,,,,,,,,,,,,,,,,,,,,,,
,CX732,1,,,,,,,,,,,,,,,,,,,,,,,,,,,,,,,,,,,
,ET2639,,,,,,,,,,,,,,,,,,,,,,,,,,,,,,,,,,,,
,ET639,,,,,,,,,,,,,,,,,,,,,,,,,,,,,,,,,,,,
,G9801,,,,,,,,,,,,,,,,,,,,,,,,,,,,,,,,,,,,
,G9803,,,,,,,,,,,,,,,,,,,,,,,,,,,,,,,,,,,,
,GA821,4,,,,,,,,,,,,,,,,,,,,,,,,,,,,,,,,,,,
,H9873,,,,,,,,,,,,,,,,,,,,,,,,,,,,,,,,,,,,
,H9891,,,,,,,,,,,,,,,,,,,,,,,,,,,,,,,,,,,,
,HO1354,1,,,,,,,,,,,,,,,,,,,,,,,,,,,,,,,,,,,
,HO1564,,,,,,,,,,,,,,,,,,,,,,,,,,,,,,,,,,,,
,HY554,,,,,,,,,,,,,,,,,,,,,,,,,,,,,,,,,,,,
,JX726,,,,,,,,,,,,,,,,,,,,,,,,,,,,,,,,,,,,
,MY5002,,,,,,,,,,,,,,,,,,,,,,,,,,,,,,,,,,,,
,MY5004,,,,,,,,,,,,,,,,,,,,,,,,,,,,,,,,,,,,
,NH816,2,,,,,,,,,,,,,,,,,,,,,,,,,,,,,,,,,,,
,NH886,,,,,,,,,,,,,,,,,,,,,,,,,,,,,,,,,,,,
,PK895,,,,,,,,,,,,,,,,,,,,,,,,,,,,,,,,,,,,
,PR526,3,,,,,,,,,,,,,,,,,,,,,,,,,,,,,,,,,,,
,PR530,2,,,,,,,,,,,,,,,,,,,,,,,,,,,,,,,,,,,
,QR1853,,,,,,,,,,,,,,,,,,,,,,,,,,,,,,,,,,,,
,QR845,7,,,,,,,,,,,,,,,,,,,,,,,,,,,,,,,,,,,
,QR849,,,,,,,,,,,,,,,,,,,,,,,,,,,,,,,,,,,,
,QR853,1,,,,,,,,,,,,,,,,,,,,,,,,,,,,,,,,,,,
,QR855,,,,,,,,,,,,,,,,,,,,,,,,,,,,,,,,,,,,
,RX864,,,,,,,,,,,,,,,,,,,,,,,,,,,,,,,,,,,,
,TG416,1,,,,,,,,,,,,,,,,,,,,,,,,,,,,,,,,,,,
,TG418,2,,,,,,,,,,,,,,,,,,,,,,,,,,,,,,,,,,,
,TK175,,,,,,,,,,,,,,,,,,,,,,,,,,,,,,,,,,,,
,TK397,2,,,,,,,,,,,,,,,,,,,,,,,,,,,,,,,,,,,
,TK4903,,,,,,,,,,,,,,,,,,,,,,,,,,,,,,,,,,,,
,TK4911,,,,,,,,,,,,,,,,,,,,,,,,,,,,,,,,,,,,
,TK61,3,,,,,,,,,,,,,,,,,,,,,,,,,,,,,,,,,,,
,TK63,14,,,,,,,,,,,,,,,,,,,,,,,,,,,,,,,,,,,
,TK6909,,,,,,,,,,,,,,,,,,,,,,,,,,,,,,,,,,,,
,TK9462,,,,,,,,,,,,,,,,,,,,,,,,,,,,,,,,,,,,
,UL315,2,,,,,,,,,,,,,,,,,,,,,,,,,,,,,,,,,,,
,UL319,19,,,,,,,,,,,,,,,,,,,,,,,,,,,,,,,,,,,
,WY822,15,,,,,,,,,,,,,,,,,,,,,,,,,,,,,,,,,,,
,WY824,3,,,,,,,,,,,,,,,,,,,,,,,,,,,,,,,,,,,
,ZH328,,,,,,,,,,,,,,,,,,,,,,,,,,,,,,,,,,,,
,ZH330,,,,,,,,,,,,,,,,,,,,,,,,,,,,,,,,,,,,
,ZH332,,,,,,,,,,,,,,,,,,,,,,,,,,,,,,,,,,,,
,ZH334,,,,,,,,,,,,,,,,,,,,,,,,,,,,,,,,,,,,
,,178,,,,,,,,,,,,,,,,,,,,,,,,,,,,,,,,,,,
,,,,,,,,,,,,,,,,,,,,,,,,,,,,,,,,,,,,,
,ID7283,,,,,,,,,,,,,,,,,,,,,,,,,,,,,,,,,,,,
,ID8396,,,,,,,,,,,,,,,,,,,,,,,,,,,,,,,,,,,,
,ID7251,,,,,,,,,,,,,,,,,,,,,,,,,,,,,,,,,,,,
,ID7263,,,,,,,,,,,,,,,,,,,,,,,,,,,,,,,,,,,,
,ID7265,1,,,,,,,,,,,,,,,,,,,,,,,,,,,,,,,,,,,
,IU169,,,,,,,,,,,,,,,,,,,,,,,,,,,,,,,,,,,,
,IU193,,,,,,,,,,,,,,,,,,,,,,,,,,,,,,,,,,,,
,JT157,,,,,,,,,,,,,,,,,,,,,,,,,,,,,,,,,,,,
,JT161,,,,,,,,,,,,,,,,,,,,,,,,,,,,,,,,,,,,
,JT165,,,,,,,,,,,,,,,,,,,,,,,,,,,,,,,,,,,,
,OD1002,,,,,,,,,,,,,,,,,,,,,,,,,,,,,,,,,,,,
,OD1004,6,,,,,,,,,,,,,,,,,,,,,,,,,,,,,,,,,,,
,OD1006,,,,,,,,,,,,,,,,,,,,,,,,,,,,,,,,,,,,
,OD119,,,,,,,,,,,,,,,,,,,,,,,,,,,,,,,,,,,,
,OD121,,,,,,,,,,,,,,,,,,,,,,,,,,,,,,,,,,,,
,OD131,,,,,,,,,,,,,,,,,,,,,,,,,,,,,,,,,,,,
,OD135,,,,,,,,,,,,,,,,,,,,,,,,,,,,,,,,,,,,
,OD151,,,,,,,,,,,,,,,,,,,,,,,,,,,,,,,,,,,,
,OD157,,,,,,,,,,,,,,,,,,,,,,,,,,,,,,,,,,,,
,OD162,,,,,,,,,,,,,,,,,,,,,,,,,,,,,,,,,,,,
,OD1620,,,,,,,,,,,,,,,,,,,,,,,,,,,,,,,,,,,,
,OD1632,,,,,,,,,,,,,,,,,,,,,,,,,,,,,,,,,,,,
,OD1634,,,,,,,,,,,,,,,,,,,,,,,,,,,,,,,,,,,,
,OD1636,,,,,,,,,,,,,,,,,,,,,,,,,,,,,,,,,,,,
,OD166,2,,,,,,,,,,,,,,,,,,,,,,,,,,,,,,,,,,,
,OD171,,,,,,,,,,,,,,,,,,,,,,,,,,,,,,,,,,,,
,OD1726,,,,,,,,,,,,,,,,,,,,,,,,,,,,,,,,,,,,
,OD177,,,,,,,,,,,,,,,,,,,,,,,,,,,,,,,,,,,,
,OD182,1,,,,,,,,,,,,,,,,,,,,,,,,,,,,,,,,,,,
,OD184,,,,,,,,,,,,,,,,,,,,,,,,,,,,,,,,,,,,
,OD186,,,,,,,,,,,,,,,,,,,,,,,,,,,,,,,,,,,,
,OD1900,,,,,,,,,,,,,,,,,,,,,,,,,,,,,,,,,,,,
,OD1906,,,,,,,,,,,,,,,,,,,,,,,,,,,,,,,,,,,,
,OD191,,,,,,,,,,,,,,,,,,,,,,,,,,,,,,,,,,,,
,OD193,2,,,,,,,,,,,,,,,,,,,,,,,,,,,,,,,,,,,
,OD205,,,,,,,,,,,,,,,,,,,,,,,,,,,,,,,,,,,,
,OD2102,1,,,,,,,,,,,,,,,,,,,,,,,,,,,,,,,,,,,
,OD2104,4,,,,,,,,,,,,,,,,,,,,,,,,,,,,,,,,,,,
,OD2106,,,,,,,,,,,,,,,,,,,,,,,,,,,,,,,,,,,,
,OD2108,,,,,,,,,,,,,,,,,,,,,,,,,,,,,,,,,,,,
,OD215,,,,,,,,,,,,,,,,,,,,,,,,,,,,,,,,,,,,
,OD2201,,,,,,,,,,,,,,,,,,,,,,,,,,,,,,,,,,,,
,OD2203,,,,,,,,,,,,,,,,,,,,,,,,,,,,,,,,,,,,
,OD2205,,,,,,,,,,,,,,,,,,,,,,,,,,,,,,,,,,,,
,OD223,,,,,,,,,,,,,,,,,,,,,,,,,,,,,,,,,,,,
,OD2302,,,,,,,,,,,,,,,,,,,,,,,,,,,,,,,,,,,,
,OD2304,1,,,,,,,,,,,,,,,,,,,,,,,,,,,,,,,,,,,
,OD2306,,,,,,,,,,,,,,,,,,,,,,,,,,,,,,,,,,,,
,OD231,16,,,,,,,,,,,,,,,,,,,,,,,,,,,,,,,,,,,
,OD2403,,,,,,,,,,,,,,,,,,,,,,,,,,,,,,,,,,,,
,OD2405,1,,,,,,,,,,,,,,,,,,,,,,,,,,,,,,,,,,,
,OD2407,6,,,,,,,,,,,,,,,,,,,,,,,,,,,,,,,,,,,
,OD241,,,,,,,,,,,,,,,,,,,,,,,,,,,,,,,,,,,,
,OD293,15,,,,,,,,,,,,,,,,,,,,,,,,,,,,,,,,,,,
,OD295,,,,,,,,,,,,,,,,,,,,,,,,,,,,,,,,,,,,
,OD297,5,,,,,,,,,,,,,,,,,,,,,,,,,,,,,,,,,,,
,OD306,,,,,,,,,,,,,,,,,,,,,,,,,,,,,,,,,,,,
,OD322,,,,,,,,,,,,,,,,,,,,,,,,,,,,,,,,,,,,
,OD324,,,,,,,,,,,,,,,,,,,,,,,,,,,,,,,,,,,,
,OD326,,,,,,,,,,,,,,,,,,,,,,,,,,,,,,,,,,,,
,OD336,,,,,,,,,,,,,,,,,,,,,,,,,,,,,,,,,,,,
,OD352,,,,,,,,,,,,,,,,,,,,,,,,,,,,,,,,,,,,
,OD356,,,,,,,,,,,,,,,,,,,,,,,,,,,,,,,,,,,,
,OD366,,,,,,,,,,,,,,,,,,,,,,,,,,,,,,,,,,,,
,OD372,4,,,,,,,,,,,,,,,,,,,,,,,,,,,,,,,,,,,
,OD380,,,,,,,,,,,,,,,,,,,,,,,,,,,,,,,,,,,,
,OD382,,,,,,,,,,,,,,,,,,,,,,,,,,,,,,,,,,,,
,OD386,,,,,,,,,,,,,,,,,,,,,,,,,,,,,,,,,,,,
,OD388,,,,,,,,,,,,,,,,,,,,,,,,,,,,,,,,,,,,
,OD390,,,,,,,,,,,,,,,,,,,,,,,,,,,,,,,,,,,,
,OD392,,,,,,,,,,,,,,,,,,,,,,,,,,,,,,,,,,,,
,OD396,23,,,,,,,,,,,,,,,,,,,,,,,,,,,,,,,,,,,
,OD502,,,,,,,,,,,,,,,,,,,,,,,,,,,,,,,,,,,,
,OD520,,,,,,,,,,,,,,,,,,,,,,,,,,,,,,,,,,,,
,OD522,,,,,,,,,,,,,,,,,,,,,,,,,,,,,,,,,,,,
,OD526,,,,,,,,,,,,,,,,,,,,,,,,,,,,,,,,,,,,
,OD528,1,,,,,,,,,,,,,,,,,,,,,,,,,,,,,,,,,,,
,OD540,,,,,,,,,,,,,,,,,,,,,,,,,,,,,,,,,,,,
,OD542,5,,,,,,,,,,,,,,,,,,,,,,,,,,,,,,,,,,,
,OD571,,,,,,,,,,,,,,,,,,,,,,,,,,,,,,,,,,,,
,OD605,,,,,,,,,,,,,,,,,,,,,,,,,,,,,,,,,,,,
,OD612,,,,,,,,,,,,,,,,,,,,,,,,,,,,,,,,,,,,
,OD616,,,,,,,,,,,,,,,,,,,,,,,,,,,,,,,,,,,,
,OD626,,,,,,,,,,,,,,,,,,,,,,,,,,,,,,,,,,,,
,OD638,,,,,,,,,,,,,,,,,,,,,,,,,,,,,,,,,,,,
,OD642,,,,,,,,,,,,,,,,,,,,,,,,,,,,,,,,,,,,
,OD670,,,,,,,,,,,,,,,,,,,,,,,,,,,,,,,,,,,,
,OD672,,,,,,,,,,,,,,,,,,,,,,,,,,,,,,,,,,,,
,OD678,,,,,,,,,,,,,,,,,,,,,,,,,,,,,,,,,,,,
,OD692,,,,,,,,,,,,,,,,,,,,,,,,,,,,,,,,,,,,
,OD694,,,,,,,,,,,,,,,,,,,,,,,,,,,,,,,,,,,,
,OD698,,,,,,,,,,,,,,,,,,,,,,,,,,,,,,,,,,,,
,OD7004,,,,,,,,,,,,,,,,,,,,,,,,,,,,,,,,,,,,
,OD7356,,,,,,,,,,,,,,,,,,,,,,,,,,,,,,,,,,,,
,OD751,2,,,,,,,,,,,,,,,,,,,,,,,,,,,,,,,,,,,
,OD753,,,,,,,,,,,,,,,,,,,,,,,,,,,,,,,,,,,,
,OD7722,,,,,,,,,,,,,,,,,,,,,,,,,,,,,,,,,,,,
,OD7751,,,,,,,,,,,,,,,,,,,,,,,,,,,,,,,,,,,,
,OD7757,,,,,,,,,,,,,,,,,,,,,,,,,,,,,,,,,,,,
,OD7906,,,,,,,,,,,,,,,,,,,,,,,,,,,,,,,,,,,,
,OD801,,,,,,,,,,,,,,,,,,,,,,,,,,,,,,,,,,,,
,OD803,,,,,,,,,,,,,,,,,,,,,,,,,,,,,,,,,,,,
,OD805,,,,,,,,,,,,,,,,,,,,,,,,,,,,,,,,,,,,
,OD807,,,,,,,,,,,,,,,,,,,,,,,,,,,,,,,,,,,,
,OD820,,,,,,,,,,,,,,,,,,,,,,,,,,,,,,,,,,,,
,OD860,,,,,,,,,,,,,,,,,,,,,,,,,,,,,,,,,,,,
,OD870,,,,,,,,,,,,,,,,,,,,,,,,,,,,,,,,,,,,
,OD872,,,,,,,,,,,,,,,,,,,,,,,,,,,,,,,,,,,,
,OD882,,,,,,,,,,,,,,,,,,,,,,,,,,,,,,,,,,,,
,,96,,,,,,,,,,,,,,,,,,,,,,,,,,,,,,,,,,,
,,,,,,,,,,,,,,,,,,,,,,,,,,,,,,,,,,,,,
,6E1032,,,,,,,,,,,,,,,,,,,,,,,,,,,,,,,,,,,,
,6E1038,,,,,,,,,,,,,,,,,,,,,,,,,,,,,,,,,,,,
,AI2385,,,,,,,,,,,,,,,,,,,,,,,,,,,,,,,,,,,,
,AI2387,,,,,,,,,,,,,,,,,,,,,,,,,,,,,,,,,,,,
,EK343,3,,,,,,,,,,,,,,,,,,,,,,,,,,,,,,,,,,,
,EK343X,,,,,,,,,,,,,,,,,,,,,,,,,,,,,,,,,,,,
,EK345,2,,,,,,,,,,,,,,,,,,,,,,,,,,,,,,,,,,,
,EK347,2,,,,,,,,,,,,,,,,,,,,,,,,,,,,,,,,,,,
,EK8343,,,,,,,,,,,,,,,,,,,,,,,,,,,,,,,,,,,,
,EK8345,,,,,,,,,,,,,,,,,,,,,,,,,,,,,,,,,,,,
,EY487,,,,,,,,,,,,,,,,,,,,,,,,,,,,,,,,,,,,
,EY489,,,,,,,,,,,,,,,,,,,,,,,,,,,,,,,,,,,,
,QG503,,,,,,,,,,,,,,,,,,,,,,,,,,,,,,,,,,,,
,SQ103,2,,,,,,,,,,,,,,,,,,,,,,,,,,,,,,,,,,,
,SQ105,,,,,,,,,,,,,,,,,,,,,,,,,,,,,,,,,,,,
,SQ107,,,,,,,,,,,,,,,,,,,,,,,,,,,,,,,,,,,,
,SQ113,,,,,,,,,,,,,,,,,,,,,,,,,,,,,,,,,,,,
,SQ115,,,,,,,,,,,,,,,,,,,,,,,,,,,,,,,,,,,,
,SQ121,6,,,,,,,,,,,,,,,,,,,,,,,,,,,,,,,,,,,
,SQ125,3,,,,,,,,,,,,,,,,,,,,,,,,,,,,,,,,,,,
,SQ127,,,,,,,,,,,,,,,,,,,,,,,,,,,,,,,,,,,,
,VJ1814,1,,,,,,,,,,,,,,,,,,,,,,,,,,,,,,,,,,,
,VJ826,1,,,,,,,,,,,,,,,,,,,,,,,,,,,,,,,,,,,
,VJ906,,,,,,,,,,,,,,,,,,,,,,,,,,,,,,,,,,,,
,,20,,,,,,,,,,,,,,,,,,,,,,,,,,,,,,,,,,,
